Default Dataset,,,BCC-FCC,,,FCC-Fe2B,,,FCC-Cr2B,,,Cr2B-BCC,,,Fe2B-Cr2B,,,Fe2B-FeB,,,FeB-Cr2B,,,Cr2B-CrB,,,CrB-Cr5B3,,,Cr5B3-Cr2B,,,FeB-CrB,,,FeB-Cr3B4,,,Cr3B4-CrB,,,FeB-CrB2,,,FeB-B,,,Cr3B4-CrB2,,,CrB2-B,,,Dataset 18,,,Dataset 19,,,Dataset 20,,,Dataset 21,,
a,b,c,a,b,c,a,b,c,a,b,c,a,b,c,a,b,c,a,b,c,a,b,c,a,b,c,a,b,c,a,b,c,a,b,c,a,b,c,a,b,c,a,b,c,a,b,c,a,b,c,a,b,c,a,b,c,a,b,c,a,b,c,a,b,c
,,,0.9171929035319691,0.007925874266352252,0.07488122220167853,0.8400766906165341,0.008230938689239964,0.15169237069422586,0.7555189063639219,0.10731731689393308,0.13716377674214505,0.7012529337064453,0.18913800378436135,0.10960906250919336,0.7562516590370523,0.10601264064857359,0.13773570031437413,0.6836943111545908,0.014304598024965393,0.3020010908204439,0.5688873481312741,0.12457400577214506,0.3065386460965809,0.4810747411305144,0.19619897265295325,0.32272628621653227,0.05951549125394684,0.6337266687052423,0.30675784004081086,0.0632703174514252,0.6307748690499434,0.3059548134986314,0.4831351236781779,0.19423071371069212,0.32263416261113,0.4155068767825084,0.12438568351774246,0.46010743969974904,0.3800636033066529,0.21169399170873524,0.4082424049846119,0.4144782672049722,0.07266750546139222,0.5128542273336355,0.3907006609440431,0.02587136220161934,0.5834279768543376,0.41482742547966733,0.12379949283581035,0.46137308168452235,0.36915024548745673,0.04404914124521164,0.5868006132673317,,,,,,,,,,,,
,,,0.9147428414407788,0.01101205033117484,0.07424510822804643,0.8372345797294163,0.01161718349976991,0.1511482367708138,0.7530072481898361,0.1117895105174923,0.1352032412926715,0.6979280581968268,0.19355178409247453,0.10852015771069874,0.7486708614512564,0.1077860699462277,0.14354306860251595,0.6767601280833939,0.020959314143138535,0.30228055777346746,0.5611038726510974,0.13074155867003742,0.3081545686788652,0.47603376654236845,0.20220954100587207,0.32175669245175953,0.05582575348024599,0.6366831556359716,0.30749109088378246,0.06014578671023507,0.6357474776162173,0.3041067356735476,0.47278598334761174,0.19746840604400168,0.3297456106083866,0.41625025314386105,0.13667139659557198,0.44707835026056697,0.3719230407954499,0.21888228537862012,0.40919467382593006,0.402692713477711,0.05988944938750318,0.5374178371347859,0.3850276829257102,0.030639073606610445,0.5843332434676793,0.4100423471702448,0.12934082606224837,0.46061682676750687,0.35985351509729024,0.047086585719655294,0.5930598991830545,,,,,,,,,,,,
,,,0.9121558287467862,0.01393496735890764,0.07390920389430614,0.833973140648765,0.015150318462225434,0.1508765408890095,0.7503178240929335,0.1158947272371998,0.13378744866986672,0.6954236020569019,0.1967094158809109,0.10786698206218723,0.7399624392394949,0.1099170217349054,0.15012053902559971,0.6699677182417104,0.02715148406828083,0.3028807976900088,0.5532644762301945,0.13612787052908507,0.31060765324072054,0.46577343370544244,0.21351424341337943,0.3207123228811781,0.051326096469089505,0.6407633300043988,0.3079105735265117,0.056536626100259,0.6409604494040521,0.30250292449568894,0.46324538995001907,0.1998159976767911,0.3369386123731899,0.41619604730271487,0.12965440987410312,0.45414954282318204,0.3642700107933831,0.2248177195632587,0.41091226964335814,0.40652006831655346,0.06398415750904246,0.5294957741744041,0.3794069149968286,0.03535458544936598,0.5852384995538055,0.4047812884064984,0.1354938201870159,0.45972489140648576,0.34938182429724696,0.050201653423358805,0.6004165222793942,,,,,,,,,,,,
,,,0.9091786569158535,0.017219288537667174,0.07360205454647933,0.830847931445259,0.018819765739904556,0.15033230281483634,0.747819164763613,0.12019054478843158,0.1319902904479554,0.6927849164035675,0.2001103849933641,0.10710469860306839,0.7316588184549017,0.11203329406824417,0.1563078874768542,0.6629109847010365,0.03368357555684803,0.3034054397421155,0.5453304898101773,0.1417821782779495,0.3128873319118733,0.4605999192928261,0.2193921917367468,0.3200078889704271,0.046944889752403435,0.6442367400592781,0.3088183701883184,0.053428329334263586,0.6457075396256499,0.3008641310400865,0.45488099489383127,0.20164136249787812,0.3434776426082906,0.4150083805014669,0.14475325044025522,0.44023836905827796,0.35661698079131654,0.23075315374789718,0.4126298654607863,0.3935904106184382,0.05352518749422708,0.5528844018873348,0.37374796309714414,0.03992744896861655,0.5863245879342392,0.39904599128559815,0.14189757523242078,0.45905643348198105,0.3395228858445898,0.053929844275092176,0.606547269880318,,,,,,,,,,,,
,,,0.905877383572529,0.02055521177174499,0.07356740465572603,0.8276137705800104,0.022380195424887908,0.15000603399510176,0.7431567056121702,0.12817535687510762,0.12866793751272212,0.6884507549801072,0.20596898105140732,0.10558026396848542,0.7193278220198627,0.11473673790928718,0.16593544007085026,0.6563074636343507,0.03976254595348319,0.3039299904121661,0.5380400297873013,0.1473551155890417,0.3146048546236571,0.4546904262061871,0.22634693166170333,0.31896264213210956,0.042690402954392886,0.6478973872519818,0.3094122097936253,0.05019917585893702,0.650575462146439,0.299225361994624,0.4451834796621924,0.20349210995358794,0.35132441038421974,0.412820815272509,0.15445831984939518,0.4327208648780958,0.34957670313663625,0.2373017110805643,0.41312158578279945,0.39881930895972073,0.05666842562491614,0.5445122654153631,0.3678962761366631,0.04493410814741483,0.5871696157159221,0.39256468275981027,0.14900543994827356,0.45842987729191614,0.32941884645297825,0.057412785867613114,0.6131683676794086,,,,,,,,,,,,
,,,0.9027646091656123,0.023695106462690414,0.0735402843716973,0.8243251338838903,0.025886116313523208,0.14978874980258652,0.7405215370867062,0.13233514137379473,0.1271433215394991,0.6857322350443013,0.20966771563551706,0.10460004932018165,0.7117385107215782,0.11653867091805066,0.1717228183603711,0.6496211483761507,0.04606087466413106,0.30431797695971824,0.5286971033511472,0.15486341887819569,0.3164394777706571,0.4481044949504197,0.23335011033623224,0.31854539471334803,0.0386172011171633,0.6513767860367219,0.3100060128461148,0.043645566405193015,0.6603368279413627,0.29601760565344426,0.43839989290815484,0.20453837942533756,0.3570617276665076,0.4092119507631917,0.1644403668110263,0.4263476824257819,0.3418011226650925,0.24311452063559685,0.41508435669931065,0.4184067601131221,0.07957765801981531,0.5020155818670625,,,,0.3847864188364918,0.15699142320211523,0.458222157961393,0.3194373575308439,0.0610183520897406,0.6195442903794155,,,,,,,,,,,,
,,,0.8993735758752568,0.027085456012832666,0.07354096811191048,0.8216318111998174,0.02923241533221288,0.1491357734679697,0.7378320539302379,0.13644057837354917,0.12572736769621298,0.6828646851056497,0.21340615406534388,0.10372916082900645,0.7002628218815665,0.11909616384973407,0.18064101426869944,0.6424462557828012,0.05277693820487597,0.30477680601232277,0.5210972852245969,0.16141847611134838,0.3174842386640548,0.4410643474233566,0.240986727262485,0.3179489253141584,0.0349623375022812,0.6543681683741007,0.31066949412361805,0.03965985558389096,0.6657169863316703,0.29462315808443873,0.43293684526538107,0.20543995870084514,0.3616231960337738,0.4047482297740316,0.17356703998540074,0.42168473024056774,0.3342706431325031,0.24917257944984098,0.4165567774176559,0.3693110125786724,0.044515460994047795,0.5861735264272798,,,,0.37799124212076607,0.16378522979399462,0.45822352808523936,0.30957841907818673,0.06474654294147325,0.62567503798034,,,,,,,,,,,,
,,,0.8952839983553624,0.031118713106976115,0.07359728853766137,0.8182379817696255,0.03338837596050981,0.1483736422698648,0.735142651373703,0.14054609602201157,0.12431125260428537,0.679565248647565,0.21746774075416028,0.1029670105982748,0.693440216635183,0.11994226948243544,0.18661751388238168,0.6359446852178601,0.058477311903213314,0.30557800287892667,0.514097982701126,0.1674416543985047,0.3184603629003692,0.4353619620744436,0.24742341399609036,0.3172146239294661,0.02686478847727869,0.6615571714044338,0.3115780401182875,0.036115783412923264,0.6709346453381264,0.2929495712489504,0.4233018974855315,0.2069889957535763,0.36970910676089214,0.3997066129809818,0.18211546764831293,0.41817791937070525,0.32661761313043647,0.25510801363447944,0.41827437323508415,0.3879536352129331,0.05037138127550833,0.5616749835115585,,,,0.37119606540504,0.17057903638587393,0.458224898209086,0.2998420310950069,0.06859735842281234,0.6315606104821808,,,,,,,,,,,,
,,,0.8913170541744045,0.03514792087666192,0.07353502494893352,0.8149493450735054,0.036894296849145095,0.1481563580773496,0.7329651308189401,0.14403086123724318,0.12300400794381673,0.6753112008255745,0.22302829207786812,0.10166050709655737,0.6865532046278306,0.12076859355635555,0.19267820181581374,0.6286812475587402,0.06494335569939277,0.3063753967418671,0.5068484595864872,0.17378083964852287,0.31937070076498997,0.42888065354865534,0.2545312787119436,0.316588067739401,0.014911247572829245,0.6714154252927718,0.313673327134399,0.03239628953208962,0.6766416222311634,0.29096208823674696,0.41443101253988457,0.20874273594305995,0.37682625151705545,0.39470525865146505,0.19026901038427574,0.4150257309642592,0.319090130404345,0.26116907106870735,0.41974079852694773,0.410237956126142,0.06777448860535706,0.5219875552685009,,,,0.3644008886893142,0.17737284297775305,0.45822626833293273,0.2901056431118271,0.07244817390415093,0.637446182984022,,,,,,,,,,,,
,,,0.8878194437282534,0.03855401472395539,0.07362654154779114,0.8118513334854682,0.04059095820064443,0.14755770831388734,0.730799808671145,0.14733956695938188,0.12186062436947305,0.6720516815087256,0.2269409960308561,0.10100732246041831,0.6781818280654602,0.12200136379940872,0.19981680813513106,0.6209075752059331,0.07291111755664625,0.3061813072374206,0.4995272255138563,0.18004827054541622,0.3204245039407274,0.4225477182404754,0.2614249633028236,0.31602731845670096,0.02296355171473391,0.6647251146790811,0.312311333606185,0.028912645705393814,0.6817988650776241,0.28928848921698214,0.40557641560578783,0.21007760224572342,0.3843459821484887,0.3900123358865242,0.19786082781915598,0.4121268362943198,0.3124030543482257,0.2663719068189989,0.42122503883277546,0.38302599574384566,0.048316827625662806,0.5686571766304915,,,,0.3575010892436091,0.18406196352830764,0.4584369472280832,0.2803692551286472,0.07629898938548996,0.6433317554858629,,,,,,,,,,,,
,,,0.8844764809329526,0.0418963034715845,0.0736272155954629,0.8087532412974976,0.04428753890343587,0.14695921979906648,0.7284188628825986,0.1508096078726903,0.12077152924471103,0.6690898191979003,0.2307738890488712,0.10013629175322855,0.6685687183325801,0.12278712121915855,0.20864416044826128,0.6144213974973687,0.0792215810487027,0.3063570214539287,0.49227770239921753,0.18638745579543464,0.3213348418053479,0.416654015171102,0.2676702165420606,0.31567576828683735,0.01899376947624576,0.6680662334301056,0.3129399970936486,0.02455279112364539,0.6878321420487499,0.28761506682760474,0.3963950174197518,0.21108546953610474,0.39251951304414345,0.38495775532614757,0.2050907686051861,0.40995147606866633,0.30365852312423663,0.272914316188394,0.4234271606873693,0.4200468717175976,0.08692672471102117,0.4930264035713812,,,,0.3506012897979041,0.19075108407886232,0.4586476261232336,0.2707554176149444,0.08027242949643487,0.6489721528886206,,,,,,,,,,,,
,,,0.8809389199541008,0.04515314944357478,0.07390793060232445,0.8056280320939917,0.04795698618111499,0.1464149817248933,0.7256749038952589,0.15486053607609712,0.11946456002864397,0.6660734810562036,0.2345522732705383,0.09937424567325813,0.6592803546213738,0.12410768409914226,0.21661196127948398,0.6065481786392163,0.08663583004945483,0.30681599131132886,0.48709108142111,0.19080171710571284,0.3221072014731771,0.4093429439569534,0.2753983889636807,0.3152586670793659,0.030635848809256183,0.6583798532036051,0.31098429798713867,0.021274783163717198,0.6924698589854441,0.2862553578508387,0.37968297039122356,0.21234967237661662,0.4079673572321598,0.37961074527753014,0.2121527532494996,0.40823650147297025,0.2961280435916473,0.278972375002638,0.4248995814057147,0.4208159993219612,0.09449286541355978,0.48469113526447904,,,,0.34354308440372583,0.19728170282324817,0.45917521277302603,0.26114158010124194,0.08424586960737956,0.6546125502913785,,,,,,,,,,,,
,,,0.8560210898057401,0.06779607421300664,0.0761828359812533,0.8026116939522949,0.051735370402782116,0.14565293564492288,0.7230379768058598,0.15864091288166715,0.1183211103124731,0.6629482718526976,0.23822172054821747,0.09883000759908493,0.6501453763991774,0.12474227360008033,0.2251123500007423,0.5998401875318065,0.09351687500910488,0.30664293745908877,0.48143782410178354,0.19570250340924233,0.3228596724889742,0.40195521048318883,0.2834124958633989,0.3146322936534122,,,,0.017685313467492497,0.6972794497072187,0.2850352368252888,0.3877579624731694,0.21220283771464066,0.40003919981218994,,,,0.28859456725256,0.2850274351968986,0.4263779975505414,0.42065402952387415,0.10282648218701262,0.47651948828911317,,,,0.3364490235305514,0.20377644439107243,0.4597745320783761,0.25140519211806206,0.08809668508871848,0.6604981227932195,,,,,,,,,,,,
,,,0.8523784005089227,0.0709477282497345,0.07667387124134288,0.8000129254401965,0.05498745677940671,0.14499961778039674,0.7203339349597558,0.16254295834924543,0.11712310669099875,0.6597579051754868,0.24239188426963543,0.09785021055487773,0.640263955745423,0.12546942065534,0.23426662359923703,0.5929578252077645,0.10022344323321344,0.306818731559022,,,,0.3941670439566226,0.29211385677968493,0.3137190992636925,,,,0.014221360467279925,0.7020333116164509,0.2837453279162692,,,,,,,0.2803314255611928,0.2914851464343406,0.4281834280044666,0.41996547941266515,0.10919910027477087,0.470835420312564,,,,0.32944460135486703,0.21036087890030208,0.46019451974483083,0.24154625366540478,0.09182487594045163,0.6666288703941435,,,,,,,,,,,,
,,,0.8193580957002488,0.09860431048759015,0.08203759381216116,0.7977095342513876,0.05778036184449695,0.1445101039041155,0.7177787028570649,0.16640535895373837,0.11581593818919673,0.656930433577938,0.2459816012610494,0.0970879651610125,0.6324221565267616,0.12611856064015986,0.24145928283307863,0.5861626484920386,0.10701724982509259,0.3068201016828688,,,,0.38761696817985114,0.2991529126307759,0.31323011918937294,,,,0.047081558969949505,0.6551923454611753,0.29772609556887514,,,,,,,0.27342870334762404,0.2966987571201335,0.42987253953224247,0.41801961772623597,0.11549057674972771,0.46648980552403635,,,,0.3223355564492033,0.2168406273682074,0.4608238161825892,0.23241654277598767,0.09628273563982032,0.671300721584192,,,,,,,,,,,,
,,,0.8155399664729287,0.10189512514902317,0.08256490837804811,0.7949346993208415,0.061045099290434154,0.14402020138872432,0.714617313899626,0.1709824453708481,0.11440024072952584,0.6536163578302842,0.24983971576898167,0.09654392640073414,0.6242535560561608,0.12644070161269721,0.24930574233114192,0.5793674717763129,0.11381105641697192,0.30682147180671526,,,,0.3811027478820759,0.3062278456584292,0.312669406459495,,,,,,,,,,,,,0.265638474052858,0.30283673637079744,0.4315247895763446,0.41571376319149855,0.1228596038471429,0.46142663296135855,,,,0.3154148855569915,0.22350886384211846,0.46107625060089,0.22328767019600682,0.10074143415591902,0.6759708956480741,,,,,,,,,,,,
,,,0.8118458945814242,0.1051527188578458,0.08300138656073003,0.791836607132871,0.06474167999322551,0.1434217128739035,0.7113616716295792,0.17565376609609903,0.11298456227432169,0.6510719845491235,0.2531462302932464,0.09578178515763014,0.6162947761753695,0.12655306430193272,0.2571521595226977,0.5739151628116899,0.11983312512932584,0.3062517120589843,,,,0.3762553316839335,0.31170971855081075,0.3120349497652558,,,,,,,,,,,,,0.25761779264235984,0.3084042966666175,0.4339779106910226,0.37638602321299364,0.04590922460616986,0.5777047521808365,,,,0.30807866745187146,0.2297613016390932,0.46216003090903535,0.21356259441063774,0.10460356868052678,0.6818338369088355,,,,,,,,,,,,
,,,0.7967666157060888,0.11725050559013678,0.08598287870377451,0.7887385955448339,0.06843834134472486,0.1428230631104412,0.7080769119802612,0.17991830375699752,0.11200478426274121,0.6475836815468907,0.2573964842123159,0.09501983424079338,0.6087657522044253,0.126235757733787,0.2649984900617877,0.5686954141108641,0.125221320591228,0.3060832652979079,,,,0.37064426508933657,0.31780377365553997,0.3115519612551234,,,,,,,,,,,,,0.2497196617013387,0.3140944815920446,0.4361858567066167,,,,,,,0.30063488290976337,0.23590610790638086,0.4634590091838558,0.20407130736641244,0.1086996334210773,0.6872290592125103,,,,,,,,,,,,
,,,0.7941192387250305,0.11935248055996518,0.08652828071500426,0.7860054363194589,0.07193360374795055,0.1420609599325906,0.7034506916423169,0.18699525642419562,0.10955405193348745,0.6438521973695056,0.26178105786270633,0.094366744767788,0.6020607605174926,0.12632325626029323,0.27161598322221414,,,,,,,0.3633162099592,0.32558339912045353,0.3111003909203465,,,,,,,,,,,,,0.24194408122979483,0.3199072911470766,0.43814862762312856,,,,,,,0.293522894297091,0.24238291088592398,0.46409419481698505,0.19494767173061894,0.1131635720504452,0.6918887562189359,,,,,,,,,,,,
,,,0.7916002189081985,0.121362502538305,0.08703727855349645,0.7838911909937962,0.0745375623201088,0.141571246686095,0.7058128191706001,0.18333591474304156,0.1108512660863584,0.6407269881659997,0.2654505051403856,0.09382250669361467,0.5953528501369278,0.12640783432695069,0.27823931553612147,,,,,,,0.3556604965053588,0.333692007003901,0.31064749649074014,,,,,,,,,,,,,0.23404595028877362,0.32559747607250367,0.4403565736387227,,,,,,,0.2871145286217964,0.2481580186341303,0.4647274527440732,0.18545638468639358,0.11725963679099566,0.6972839785226108,,,,,,,,,,,,
,,,0.7844890630957054,0.1269286999580837,0.08858223694621084,0.7817225504371956,0.07708709274462705,0.14119035681817727,0.7455126685324677,0.12411599285917183,0.13037133860836053,0.636955586847379,0.2699839615266043,0.09306045162601678,0.5886287589286066,0.1262663588522755,0.2851048822191179,,,,,,,0.34893408704061635,0.3405546224605427,0.310511290498841,,,,,,,,,,,,,0.2263929202867071,0.3315329102571415,0.4420741694561514,,,,,,,0.2796368503646337,0.2545418966898968,0.4658212529454695,0.17596509764216806,0.12135570153154679,0.7026792008262852,,,,,,,,,,,,
,,,0.7817146564425475,0.128903568385141,0.08938177517231151,0.7793652851362478,0.07982553234552174,0.1408091825182304,,,,0.632617945815246,0.2750832209896116,0.09229883319514237,0.5814115471487441,0.12563146439932826,0.29295698845192764,,,,,,,0.3417276385564469,0.34838748092348787,0.30988488052006524,,,,,,,,,,,,,0.21655089422779994,0.33867629757132656,0.4447728082008735,,,,,,,0.27193273090164793,0.2615589684421459,0.46650830065620624,0.16671891153689733,0.12569701553130874,0.7075840729317939,,,,,,,,,,,,
,,,0.7795211092335878,0.130579027689743,0.08989986307666922,0.7769135462632593,0.08265826523718907,0.14042818849955166,,,,0.6292766724521233,0.2789141214237238,0.09180920612415296,0.5689932778609232,0.12446265913109031,0.3065440630079865,,,,,,,0.33504002827770907,0.3552889190450539,0.30967105267723705,,,,,,,,,,,,,0.20865276328677893,0.34436648249675295,0.44698075421646816,,,,,,,0.26448894635953957,0.2677037747094341,0.46780727893102636,0.1572276244926718,0.12979308027185948,0.7129792952354688,,,,,,,,,,,,
,,,0.7771702571825634,0.132348293586874,0.09048144923056256,0.7734506823125603,0.08655632553696163,0.13999299215047806,,,,0.6259898749198718,0.28279953065418406,0.09121059442594417,0.5777558123232881,0.12544480295442464,0.29679938472228723,,,,,,,0.3284899525009377,0.36232797489614454,0.3091820726029177,,,,,,,,,,,,,0.20075463234575777,0.3500566674221798,0.4491887002320624,,,,,,,0.2572035677659048,0.27400708278288954,0.4687893494512057,0.14785888791792373,0.13401176964201605,0.7181293424400602,,,,,,,,,,,,
,,,0.7717321217072802,0.1363784220768735,0.09188945621584634,0.7656746978243337,0.09520220881977318,0.13912309335589312,,,,0.6227284358392206,0.2863326656166394,0.09093889854414011,0.7441178966193732,0.10895073908616161,0.14693136429446516,,,,,,,0.3216947757852119,0.36912178148802355,0.3091834427267645,,,,,,,,,,,,,0.1927339509352594,0.35562422771800034,0.45164182134674025,,,,,,,0.24979563870279275,0.28018776622673947,0.4700165950704678,0.13849015134317555,0.13823045901217262,0.7232793896446519,,,,,,,,,,,,
,,,0.767938907566771,0.13937946018138253,0.09268163225184646,0.7638564315406932,0.09734702941254943,0.13879653904675746,,,,0.6194669967585693,0.28986580057909483,0.09066720266233586,0.7524488345590856,0.10691948984250374,0.1406316755984106,,,,,,,0.31489959906948617,0.37591558807990333,0.30918481285061056,,,,,,,,,,,,,0.18483581999423843,0.3613144126434272,0.4538497673623344,,,,,,,0.2420637271200329,0.2866106500687159,0.4713256228112512,0.1289988642989502,0.1423265237527232,0.7286746119483266,,,,,,,,,,,,
,,,0.7640755407143405,0.14231030312179382,0.09361415616386567,0.761889296454074,0.09953171514845821,0.13857898839746785,,,,0.6168535298973361,0.2929146350548825,0.0902318350477814,0.7257618986408012,0.11337474696897179,0.16086335439022703,,,,,,,0.3081044223537602,0.3827093946717824,0.30918618297445744,,,,,,,,,,,,,0.1769376890532172,0.3670045975688535,0.4560577133779293,,,,,,,0.23501563605556444,0.29258501029100215,0.4723993536534334,0.11950757725472494,0.14642258849327328,0.7340698342520018,,,,,,,,,,,,
,,,0.7624077968373694,0.143613536852318,0.09397866631031265,0.7564459386530586,0.10579103587043788,0.13776302547650346,,,,0.6136194280916529,0.29647484445981875,0.08990572744852833,0.7352187719557395,0.11121093691699022,0.1535702911272704,,,,,,,0.3018810610771836,0.38935007647276487,0.30876886245005153,,,,,,,,,,,,,0.1689170076427188,0.37257215786467446,0.4585108344926067,,,,,,,0.22744930104397912,0.29860719192868346,0.4739435070273374,0.10983550213309529,0.15033775575441527,0.7398267421124894,,,,,,,,,,,,
,,,0.7577623507074752,0.1472916515856163,0.09494599770690851,0.7752026610168127,0.08445000088529585,0.14034733809789143,,,,0.6097099577320183,0.30049250018898915,0.08979754207899258,0.7159886232947051,0.11551577168316614,0.1684956050221287,,,,,,,0.29493255984222544,0.39671575202083975,0.30835168813693475,,,,,,,,,,,,,0.16101887670169773,0.37826234279010124,0.46071878050820103,,,,,,,0.22005929972036503,0.3048058139608146,0.4751348863188204,0.10052500316627411,0.15461471797437465,0.7448602788593512,,,,,,,,,,,,
,,,0.7531404758414243,0.15066553234578783,0.0961939918127878,0.7715620993578843,0.08870008090842768,0.13973781973368798,,,,0.6065302726976408,0.30410743867032053,0.08936228863203863,0.703548743266845,0.11872413809796889,0.17772711863518603,,,,,,,0.2878801168873476,0.4038185156639965,0.3083013674486559,,,,,,,,,,,,,0.1529981952911993,0.3838299030859219,0.4631719016228788,,,,,,,0.21277392112673021,0.3111091220342709,0.4761169568389989,0.09103371612204869,0.15871078271492545,0.7502555011630259,,,,,,,,,,,,
,,,0.7487450573268659,0.15415673332817528,0.09709820934495882,0.7695682953544155,0.09108578802852575,0.13934591661705872,,,,0.6033505876632634,0.3077223771516515,0.08892703518508506,0.6969949140699713,0.11951154533747438,0.1834935405925544,,,,,,,0.2815902510567371,0.41055155995217196,0.307858188991091,,,,,,,,,,,,,0.1451000643501783,0.3895200880113483,0.4653798476384734,,,,,,,0.2051029633851656,0.31702661763062784,0.47787041898420657,0.08154242907782328,0.16280684745547624,0.7556507234667005,,,,,,,,,,,,
,,,0.7455771477578804,0.15658144956416456,0.09784140267795499,0.7678670618680846,0.09289565213521142,0.13923728599670399,,,,0.6001164267980146,0.31128280683663495,0.08860076636535041,0.6898333346951341,0.12044634117430987,0.1897203241305561,,,,,,,0.27479507434101125,0.41734536654405097,0.3078595591149378,,,,,,,,,,,,,0.13671173153124824,0.39471977441835104,0.46856849405040074,,,,,,,0.19757248385257625,0.32308467644487177,0.479342839702552,0.07180604109464345,0.16665766293681522,0.7615362959685413,,,,,,,,,,,,
,,,0.7410254256037511,0.1600255254884339,0.09894904890781508,0.7599178606907622,0.10167145020422709,0.13841068910501067,,,,0.596827709501961,0.3147886470765626,0.08838364342147642,0.7287562849346753,0.11280327556159853,0.15844043950372622,,,,,,,0.2679998976252853,0.4241391731359301,0.3078609292387846,,,,,,,,,,,,,0.1286910501207498,0.40028733471417255,0.4710216151650776,,,,,,,0.19004200431998683,0.3291427352591161,0.4808152604208971,0.06219220358094096,0.17063110304775958,0.7671766933712995,,,,,,,,,,,,
,,,0.7386924266225553,0.16175583321217454,0.09955174016527006,0.7583800546970455,0.10364484069995651,0.13797510460299797,,,,0.5940109570664435,0.31782261761908803,0.08816642531446856,0.7227021655638047,0.11413266756561219,0.16316516687058308,,,,,,,0.26167191361872943,0.4306751688955882,0.30765291748568235,,,,,,,,,,,,,0.1207929191797287,0.40597751963959905,0.4732295611806722,,,,,,,0.1826161475173768,0.33530548011468475,0.48207837236793843,0.052333265128283846,0.17435929389949212,0.773307440972224,,,,,,,,,,,,
,,,0.7333444212274699,0.16593296837045898,0.10072261040207107,,,,,,,0.5903048313406587,0.3218549170014736,0.08784025165786773,0.7074535015765612,0.11767849424377973,0.17486800417965911,,,,,,,0.25461878965379225,0.4379361584023381,0.3074450519438696,,,,,,,,,,,,,0.11252713683027582,0.4112998306762079,0.4761730324935163,,,,,,,0.17487642252482882,0.34115416684627975,0.4839694106288914,0.042596877145103906,0.17821010938083143,0.7791930134740647,,,,,,,,,,,,
,,,0.7293864782797767,0.1687691779838775,0.10184434373634589,,,,,,,0.5870706704754098,0.32541534668645694,0.08751398283813316,0.6826499377061751,0.12123338841115218,0.1961166738826727,,,,,,,0.24792823566804562,0.4448346510355418,0.30723711329641257,,,,,,,,,,,,,0.10438390495030028,0.41674476634242275,0.47887132870727694,,,,,,,0.16720546478326417,0.3470716624426371,0.4857228727740987,0.035907338505105246,0.18171134413986484,0.7823813173550299,,,,,,,,,,,,
,,,0.7255688407559261,0.1717457779254915,0.10268538131858242,,,,,,,0.583673082117547,0.3288122499823966,0.08751466790005638,0.6737958012876596,0.12223745153532858,0.20396674717701185,,,,,,,0.24113305895231987,0.4516284576274209,0.3072384834202592,,,,,,,,,,,,,0.09624067307032472,0.4221897020086378,0.48156962492103744,,,,,,,0.15947355320050452,0.3534945462846133,0.48703190051488215,,,,,,,,,,,,,,,
,,,0.721836502040227,0.17437063562510416,0.10379286233466879,,,,,,,0.5804389212522981,0.3323726796673797,0.08718839908032215,0.6636002720677183,0.12366215874248489,0.21273756918979672,,,,,,,0.23454712769655237,0.4586316363019495,0.3068212360014982,,,,,,,,,,,,,0.08785234025139449,0.42738938841564106,0.48475827133296445,,,,,,,0.15226705618756284,0.35931040470073106,0.48842253911170613,,,,,,,,,,,,,,,
,,,0.7179802371695427,0.1773085848449512,0.10471117798550608,,,,,,,0.5772047603870495,0.3359331093523633,0.08686213026058723,0.6539801314279682,0.1244873703274217,0.22153249824461016,,,,,,,0.22775195098082643,0.46542544289382903,0.30682260612534457,,,,,,,,,,,,,0.07983165884089624,0.43295694871146173,0.48721139244764206,,,,,,,0.14461402618549615,0.3652458388853691,0.4901401349291347,,,,,,,,,,,,,,,
,,,0.7141714958796742,0.1801848132370521,0.10564369088327372,,,,,,,0.5747110449495237,0.33853529562066564,0.08675365942981067,0.6445189742973724,0.12517785351801317,0.23030317218461455,,,,,,,0.22265556844403211,0.47052079783773837,0.3068236337182295,,,,,,,,,,,,,0.0714433260219659,0.43815663511846503,0.49040003885956907,,,,,,,0.1369609961834295,0.3711812730700077,0.4918577307465628,,,,,,,,,,,,,,,
,,,0.7102193317278601,0.18291753197636995,0.10686313629576989,,,,,,,0.5713279937409284,0.3421352895200267,0.08653671673904498,0.6360489872881667,0.12589473715533295,0.23805627555650027,,,,,,,0.20967582963773435,0.48399410889552463,0.306330061466741,,,,,,,,,,,,,0.06342264461146771,0.4437241954142853,0.492853159974247,,,,,,,0.12918541571188571,0.37699408262503975,0.4938205016630745,,,,,,,,,,,,,,,
,,,0.706479891030415,0.1855352833965466,0.10798482557303844,,,,,,,0.5672842132679506,0.3463962019245059,0.08631958480754358,0.6284586817068388,0.12602279404703914,0.24551852424612206,,,,,,,0.20288065292200863,0.4907879154874042,0.3063314315905872,,,,,,,,,,,,,0.054911761323060415,0.44880125719168273,0.49628698148525685,,,,,,,0.12153238570981909,0.38292951680967835,0.49553809748050254,,,,,,,,,,,,,,,
,,,0.7047284690553854,0.18680402214623948,0.10846750879837513,,,,,,,0.5639955765718303,0.34990212281314137,0.08610230061502822,0.6208337198514576,0.12645195444793736,0.252714325700605,,,,,,,0.19608547620628267,0.49758172207928286,0.3063328017144345,,,,,,,,,,,,,0.04769962684553533,0.45347871678698326,0.4988216563674814,,,,,,,0.11365218250829612,0.38863764032338577,0.4977101771683181,,,,,,,,,,,,,,,
,,,0.9191909058783483,0.0051339551653093105,0.07567513895634234,,,,,,,0.5605979882139676,0.35329902610908104,0.0861029856769514,0.5920470935225112,0.12618926617589185,0.281763640301597,,,,,,,0.18929029949055678,0.5043755286711624,0.30633417183828077,,,,,,,,,,,,,0.03825764615467736,0.4593232546352955,0.5024190992100271,,,,,,,0.10608584749671077,0.3946598219610673,0.49925433054222196,,,,,,,,,,,,,,,
,,,0.8671948741175668,0.057689798281175535,0.07511532760125762,,,,,,,0.5573093515178474,0.3568049469977165,0.08588570148443608,0.584946683166666,0.1260939808435275,0.28895933598980655,,,,,,,0.18249512277483107,0.5111693352630411,0.3063355419621278,,,,,,,,,,,,,0.029869313335747272,0.4645229410422984,0.5056077456219543,,,,,,,0.09845074523414205,0.40061319473398743,0.5009360600318705,,,,,,,,,,,,,,,
,,,0.8637233408177997,0.060862770307674015,0.07541388887452634,,,,,,,0.5539662389908558,0.3602563590900039,0.08577740191914018,0.5983565519031919,0.1265424355564421,0.27510101254036595,,,,,,,0.1756999460591051,0.5179631418549207,0.30633691208597424,,,,,,,,,,,,,0.022724226565719874,0.46892197427853904,0.5083537991557411,,,,,,,0.09092026570155265,0.4066712535482311,0.5024084807502163,,,,,,,,,,,,,,,
,,,0.8601900682456426,0.06397396570091099,0.07583596605344636,,,,,,,0.5506776022947356,0.36376227997863925,0.0855601177266251,0.6054633285651682,0.1260984474204331,0.2684382240143987,,,,,,,0.16890476934337934,0.5247569484468,0.30633828220982073,,,,,,,,,,,,,,,,,,,,,,0.08314468523000901,0.41248406310326396,0.504371251666727,,,,,,,,,,,,,,,
,,,0.870475085620861,0.0547408015623392,0.0747841128167999,,,,,,,0.5472800139368729,0.3671591832745788,0.0855608027885484,0.612613010902894,0.1264109249286623,0.26097606416844366,,,,,,,0.1621095926276536,0.531550755038679,0.3063396523336674,,,,,,,,,,,,,,,,,,,,,,0.07536910475846509,0.4182968726582961,0.5063340225832388,,,,,,,,,,,,,,,
,,,0.8738459330747116,0.0516684950802867,0.07448557184500162,,,,,,,0.5438824255790099,0.3705560865705185,0.08556148785047166,0.5750089868843686,0.12483859600629688,0.3001524171093345,,,,,,,0.15531441591192754,0.5383445616305582,0.3063410224575142,,,,,,,,,,,,,,,,,,,,,,0.06759352428692117,0.42410968221332873,0.5082967934997501,,,,,,,,,,,,,,,
,,,0.8773943272317424,0.04850948906341762,0.07409618370484,,,,,,,0.5404848372211469,0.3739529898664581,0.08556217291239498,0.5715285649784188,0.12458795702719686,0.30388347799438437,,,,,,,0.14851923919620175,0.5451383682224373,0.306342392581361,,,,,,,,,,,,,,,,,,,,,,0.059817943815377195,0.4299224917683613,0.5102595644162615,,,,,,,,,,,,,,,
,,,0.8412422334946847,0.08053246615048043,0.07822530035483481,,,,,,,0.5370872488632841,0.3773498931623977,0.08556285797431827,,,,,,,,,,0.14172406248047587,0.5519321748143169,0.30634376270520725,,,,,,,,,,,,,,,,,,,,,,0.05204236334383339,0.4357353013233938,0.5122223353327728,,,,,,,,,,,,,,,
,,,0.8498105166979776,0.07318177394076002,0.07700770936126239,,,,,,,0.5336896605054211,0.38074679645833726,0.08556354303624167,,,,,,,,,,0.13492888576475004,0.5587259814061957,0.3063451328290543,,,,,,,,,,,,,,,,,,,,,,0.04426678287228969,0.4415481108784257,0.5141851062492846,,,,,,,,,,,,,,,
,,,0.8468146734941886,0.0757229562407393,0.07746237026507219,,,,,,,0.5302920721475582,0.3841436997542771,0.0855642280981647,,,,,,,,,,0.1281337090490243,0.5655197879980755,0.3063465029529003,,,,,,,,,,,,,,,,,,,,,,0.03663168060972094,0.4475014836513452,0.5158668357389339,,,,,,,,,,,,,,,
,,,0.8438460682015057,0.07829139293456058,0.07786253886393378,,,,,,,0.5268944837896954,0.3875406030502164,0.08556491316008825,,,,,,,,,,0.12151981732289358,0.5721323461531811,0.3063478365239253,,,,,,,,,,,,,,,,,,,,,,0.03126364451440117,0.45100893380481083,0.517727421680788,,,,,,,,,,,,,,,
,,,0.8386020815694476,0.082737200171001,0.07866071825955134,,,,,,,0.5234968954318324,0.3909375063461561,0.08556559822201144,,,,,,,,,,0.1147246406071678,0.5789261527450604,0.30634920664777177,,,,,,,,,,,,,,,,,,,,,,0.023562718707858032,0.4568964432013303,0.5195408380908116,,,,,,,,,,,,,,,
,,,0.8351004437582841,0.08581081398858958,0.07908874225312634,,,,,,,0.5200993070739692,0.39433440964209576,0.08556628328393494,,,,,,,,,,0.10792946389144195,0.5857199593369397,0.3063505767716184,,,,,,,,,,,,,,,,,,,,,,,,,,,,,,,,,,,,,,,
,,,0.8323268338991554,0.0882281867149774,0.07944497938586716,,,,,,,0.5167017187161066,0.39773131293803543,0.08556696834585803,,,,,,,,,,0.10102966444573677,0.5924090798874945,0.3065612556667688,,,,,,,,,,,,,,,,,,,,,,,,,,,,,,,,,,,,,,,
,,,0.8285116652708847,0.09133425738600488,0.08015407734311039,,,,,,,0.5131951786965008,0.401019198641279,0.08578562266222024,,,,,,,,,,0.09423448773001097,0.5992028864793735,0.30656262579061555,,,,,,,,,,,,,,,,,,,,,,,,,,,,,,,,,,,,,,,
,,,0.8257110777578658,0.0934728707340789,0.0808160515080553,,,,,,,0.5097431145077664,0.40436159314087067,0.08589529235136296,,,,,,,,,,0.08754393374426453,0.6061013791125773,0.3063546871431581,,,,,,,,,,,,,,,,,,,,,,,,,,,,,,,,,,,,,,,
,,,0.8235262107514281,0.09528345706053012,0.08119033218804173,,,,,,,0.5062365744881607,0.40764947884411457,0.08611394666772476,,,,,,,,,,0.0806441342985593,0.6127904996631317,0.30656536603830903,,,,,,,,,,,,,,,,,,,,,,,,,,,,,,,,,,,,,,,
,,,0.8215735431689565,0.09685432316769937,0.0815721336633441,,,,,,,0.5027845102994263,0.4109918733437063,0.08622361635686744,,,,,,,,,,0.07449743528159863,0.6191452469860166,0.3063573177323847,,,,,,,,,,,,,,,,,,,,,,,,,,,,,,,,,,,,,,,
,,,0.8176125586658446,0.10016066712536636,0.08222677420878903,,,,,,,0.49933244611069216,0.4143342678432979,0.08633328604600998,,,,,,,,,,0.06933382347223035,0.6243078176469395,0.30635835888083013,,,,,,,,,,,,,,,,,,,,,,,,,,,,,,,,,,,,,,,
,,,0.8137151293030788,0.10353060468310446,0.08275426601381682,,,,,,,0.496675303180552,0.41677292772255686,0.08655176909689112,,,,,,,,,,0.06310892421724418,0.6308124748661466,0.3060786009166093,,,,,,,,,,,,,,,,,,,,,,,,,,,,,,,,,,,,,,,
,,,0.8096542724520283,0.10673701585613113,0.08360871169184066,,,,,,,0.4930746710482059,0.42015520903135695,0.08677011992043711,,,,,,,,,,0.21556791589979507,0.47790662538070483,0.3065254587195001,,,,,,,,,,,,,,,,,,,,,,,,,,,,,,,,,,,,,,,
,,,0.8071957492098776,0.10877731107000213,0.08402693972012022,,,,,,,0.48898721450632104,0.42380594683930745,0.08720683865437155,,,,,,,,,,0.4711842706026027,0.2074070421696609,0.32140868722773636,,,,,,,,,,,,,,,,,,,,,,,,,,,,,,,,,,,,,,,
,,,0.8045296549349435,0.11086167500332453,0.08460867006173191,,,,,,,0.48525197140126497,0.4274314631573407,0.08731656544139427,,,,,,,,,,,,,,,,,,,,,,,,,,,,,,,,,,,,,,,,,,,,,,,,,,,
,,,0.8018974514216438,0.11294847956484852,0.08515406901350771,,,,,,,0.481854383043402,0.4308283664532805,0.08731725050331755,,,,,,,,,,,,,,,,,,,,,,,,,,,,,,,,,,,,,,,,,,,,,,,,,,,
,,,0.7994480074868031,0.11499785958027686,0.08555413293292001,,,,,,,0.47840231885466766,0.4341707609528721,0.08742692019246028,,,,,,,,,,,,,,,,,,,,,,,,,,,,,,,,,,,,,,,,,,,,,,,,,,,
,,,0.7893403619070437,0.12310561696919292,0.08755402112376336,,,,,,,0.4749502546659335,0.4375131554524639,0.08753658988160266,,,,,,,,,,,,,,,,,,,,,,,,,,,,,,,,,,,,,,,,,,,,,,,,,,,
,,,0.7870300809590076,0.12497953750112285,0.08799038153986957,,,,,,,0.4715526663080704,0.44091005874840333,0.08753727494352626,,,,,,,,,,,,,,,,,,,,,,,,,,,,,,,,,,,,,,,,,,,,,,,,,,,
,,,0.7749941232330693,0.13404000498774302,0.09096587177918773,,,,,,,0.46810060211933613,0.4442524532479952,0.08764694463266869,,,,,,,,,,,,,,,,,,,,,,,,,,,,,,,,,,,,,,,,,,,,,,,,,,,
,,,0.7657555398708292,0.1410478109142926,0.09319664921487823,,,,,,,0.46459406209973036,0.44754033895123885,0.08786559894903079,,,,,,,,,,,,,,,,,,,,,,,,,,,,,,,,,,,,,,,,,,,,,,,,,,,
,,,0.7698784386425367,0.13790347920593926,0.09221808215152402,,,,,,,0.46100592923371797,0.4507465824330223,0.08824748833325977,,,,,,,,,,,,,,,,,,,,,,,,,,,,,,,,,,,,,,,,,,,,,,,,,,,
,,,0.7552401265584912,0.14911121499644303,0.09564865844506586,,,,,,,0.45736323993690065,0.45389823646975047,0.08873852359334893,,,,,,,,,,,,,,,,,,,,,,,,,,,,,,,,,,,,,,,,,,,,,,,,,,,
,,,0.7600530731146026,0.1453819122129162,0.09456501467248117,,,,,,,0.4536932724246807,0.45702259578395044,0.0892841317913689,,,,,,,,,,,,,,,,,,,,,,,,,,,,,,,,,,,,,,,,,,,,,,,,,,,
,,,0.7511732519210794,0.15242000367811048,0.0964067444008101,,,,,,,0.4501867324050748,0.4603104814871941,0.08950278610773109,,,,,,,,,,,,,,,,,,,,,,,,,,,,,,,,,,,,,,,,,,,,,,,,,,,
,,,0.7274842701016992,0.17025797477133023,0.10225775512697056,,,,,,,0.44678914404721204,0.46370738478313367,0.0895034711696543,,,,,,,,,,,,,,,,,,,,,,,,,,,,,,,,,,,,,,,,,,,,,,,,,,,
,,,0.7314152106283892,0.16723190448812075,0.10135288488349006,,,,,,,0.443391555689349,0.4671042880790734,0.08950415623157762,,,,,,,,,,,,,,,,,,,,,,,,,,,,,,,,,,,,,,,,,,,,,,,,,,,
,,,0.7353223247717819,0.1642720344403785,0.10040564078783952,,,,,,,0.43999396733148605,0.47050119137501295,0.08950484129350102,,,,,,,,,,,,,,,,,,,,,,,,,,,,,,,,,,,,,,,,,,,,,,,,,,,
,,,0.7429201924228798,0.15861048547813156,0.09846932209898876,,,,,,,0.43637847565013776,0.47368005948556113,0.08994146486430114,,,,,,,,,,,,,,,,,,,,,,,,,,,,,,,,,,,,,,,,,,,,,,,,,,,
,,,0.7199134967183796,0.17589243492886572,0.10419406835275465,,,,,,,0.43270858873785134,0.4768044994484689,0.0904869118136797,,,,,,,,,,,,,,,,,,,,,,,,,,,,,,,,,,,,,,,,,,,,,,,,,,,
,,,0.7239067617894219,0.17290949477514395,0.10318374343543402,,,,,,,0.4290387018255649,0.4799289394113767,0.09103235876305839,,,,,,,,,,,,,,,,,,,,,,,,,,,,,,,,,,,,,,,,,,,,,,,,,,,
,,,0.712439668457809,0.18131443727315183,0.10624589426903915,,,,,,,0.4256955892985733,0.4833803515036642,0.09092405919776253,,,,,,,,,,,,,,,,,,,,,,,,,,,,,,,,,,,,,,,,,,,,,,,,,,,
,,,0.7083988759956391,0.1841763896768362,0.10742473432752467,,,,,,,0.42202562178635344,0.4865047108178642,0.09146966739578233,,,,,,,,,,,,,,,,,,,,,,,,,,,,,,,,,,,,,,,,,,,,,,,,,,,
,,,0.7371073480901269,0.16295303156015054,0.09993962034972259,,,,,,,0.4185735575976191,0.48984710531745584,0.09157933708492506,,,,,,,,,,,,,,,,,,,,,,,,,,,,,,,,,,,,,,,,,,,,,,,,,,,
,,,0.7160146920440091,0.1787819427542079,0.10520336520178289,,,,,,,0.4151214934088848,0.4931894998170475,0.0916890067740676,,,,,,,,,,,,,,,,,,,,,,,,,,,,,,,,,,,,,,,,,,,,,,,,,,,
,,,0.702577390809222,0.18821831171809222,0.1092042974726858,,,,,,,0.41156047755840786,0.4964228767239436,0.0920166457176485,,,,,,,,,,,,,,,,,,,,,,,,,,,,,,,,,,,,,,,,,,,,,,,,,,,
,,,0.9182813836489231,0.006473336295722387,0.07524528005535457,,,,,,,0.4078361954151836,0.4994928885392113,0.0926709160456051,,,,,,,,,,,,,,,,,,,,,,,,,,,,,,,,,,,,,,,,,,,,,,,,,,,
,,,0.9161578372226584,0.009353215973314039,0.07448894680402747,,,,,,,0.40432965539557775,0.5027807742424548,0.09288957036196739,,,,,,,,,,,,,,,,,,,,,,,,,,,,,,,,,,,,,,,,,,,,,,,,,,,
,,,0.913492599980566,0.012434134618780297,0.07407326540065365,,,,,,,0.40060521205248667,0.5058506247603073,0.09354416318720603,,,,,,,,,,,,,,,,,,,,,,,,,,,,,,,,,,,,,,,,,,,,,,,,,,,
,,,0.91049411918162,0.0156842646321936,0.07382161618618636,,,,,,,0.3970986720328809,0.5091385104635512,0.09376281750356794,,,,,,,,,,,,,,,,,,,,,,,,,,,,,,,,,,,,,,,,,,,,,,,,,,,
,,,0.9076036395535818,0.018889478702073553,0.07350688174434467,,,,,,,0.3935376561824038,0.5123718873704469,0.09409045644714928,,,,,,,,,,,,,,,,,,,,,,,,,,,,,,,,,,,,,,,,,,,,,,,,,,,
,,,0.904344585904642,0.02209742446438103,0.07355798963097693,,,,,,,0.3901945436554121,0.5158232994627343,0.09398215688185362,,,,,,,,,,,,,,,,,,,,,,,,,,,,,,,,,,,,,,,,,,,,,,,,,,,
,,,0.9011935333875388,0.02526045432221862,0.07354601229024255,,,,,,,0.3831924245780326,0.5218435663664566,0.09496400905551082,,,,,,,,,,,,,,,,,,,,,,,,,,,,,,,,,,,,,,,,,,,,,,,,,,,
,,,0.8974949752645512,0.0290339428422908,0.07347108189315796,,,,,,,0.37949709861421244,0.5253201999486613,0.09518270143712626,,,,,,,,,,,,,,,,,,,,,,,,,,,,,,,,,,,,,,,,,,,,,,,,,,,
,,,0.8929421382571727,0.033548023773296055,0.07350983796953124,,,,,,,0.37589616562249945,0.5287024595913856,0.09540137478611495,,,,,,,,,,,,,,,,,,,,,,,,,,,,,,,,,,,,,,,,,,,,,,,,,,,
,,,0.8893771814370475,0.03706181102697597,0.07356100753597657,,,,,,,0.3723896256028938,0.5319903452946295,0.09562002910247665,,,,,,,,,,,,,,,,,,,,,,,,,,,,,,,,,,,,,,,,,,,,,,,,,,,
,,,0.8858248347584475,0.04058821605307585,0.0735869491884766,,,,,,,0.368883085583288,0.5352782309978731,0.09583868341883894,,,,,,,,,,,,,,,,,,,,,,,,,,,,,,,,,,,,,,,,,,,,,,,,,,,
,,,0.8830830113175446,0.04308984554470918,0.07382714313774613,,,,,,,0.3653225102516773,0.5385114899395052,0.09616599980881753,,,,,,,,,,,,,,,,,,,,,,,,,,,,,,,,,,,,,,,,,,,,,,,,,,,
,,,0.8796520908464261,0.04643178539581302,0.07391612375776087,,,,,,,0.3614491981056073,0.5416212056004898,0.09692959629390299,,,,,,,,,,,,,,,,,,,,,,,,,,,,,,,,,,,,,,,,,,,,,,,,,,,
,,,,,,,,,,,,0.35717295561950796,0.5454606912874014,0.09736635309309069,,,,,,,,,,,,,,,,,,,,,,,,,,,,,,,,,,,,,,,,,,,,,,,,,,,
,,,,,,,,,,,,0.3525590583862155,0.5495287899964068,0.09791215161737778,,,,,,,,,,,,,,,,,,,,,,,,,,,,,,,,,,,,,,,,,,,,,,,,,,,
,,,,,,,,,,,,0.34828281590011606,0.5533682756833185,0.09834890841656552,,,,,,,,,,,,,,,,,,,,,,,,,,,,,,,,,,,,,,,,,,,,,,,,,,,
,,,,,,,,,,,,0.34357496621358274,0.5575306303665402,0.0988944034198771,,,,,,,,,,,,,,,,,,,,,,,,,,,,,,,,,,,,,,,,,,,,,,,,,,,
,,,,,,,,,,,,0.3399594745322342,0.5607094984770881,0.09933102699067779,,,,,,,,,,,,,,,,,,,,,,,,,,,,,,,,,,,,,,,,,,,,,,,,,,,
,,,,,,,,,,,,0.3363984586817573,0.5639428753839839,0.09965866593425879,,,,,,,,,,,,,,,,,,,,,,,,,,,,,,,,,,,,,,,,,,,,,,,,,,,
,,,,,,,,,,,,0.3328919186621513,0.5672307610872276,0.09987732025062108,,,,,,,,,,,,,,,,,,,,,,,,,,,,,,,,,,,,,,,,,,,,,,,,,,,
,,,,,,,,,,,,0.32908764103658844,0.5705983770767369,0.10031398188667462,,,,,,,,,,,,,,,,,,,,,,,,,,,,,,,,,,,,,,,,,,,,,,,,,,,
,,,,,,,,,,,,0.32467752895601226,0.5746810014736935,0.10064146957029425,,,,,,,,,,,,,,,,,,,,,,,,,,,,,,,,,,,,,,,,,,,,,,,,,,,
,,,,,,,,,,,,0.3202923348081701,0.578411469567909,0.10129619562392093,,,,,,,,,,,,,,,,,,,,,,,,,,,,,,,,,,,,,,,,,,,,,,,,,,,
,,,,,,,,,,,,0.3168402706194358,0.5817538640675006,0.10140586531306352,,,,,,,,,,,,,,,,,,,,,,,,,,,,,,,,,,,,,,,,,,,,,,,,,,,
,,,,,,,,,,,,0.31333373059982994,0.5850417497707444,0.10162451962942563,,,,,,,,,,,,,,,,,,,,,,,,,,,,,,,,,,,,,,,,,,,,,,,,,,,
,,,,,,,,,,,,0.3100811124577757,0.5876398702225339,0.10227901731969039,,,,,,,,,,,,,,,,,,,,,,,,,,,,,,,,,,,,,,,,,,,,,,,,,,,
,,,,,,,,,,,,0.3064114458049223,0.5907642512028097,0.10282430299226794,,,,,,,,,,,,,,,,,,,,,,,,,,,,,,,,,,,,,,,,,,,,,,,,,,,
,,,,,,,,,,,,0.30255269234848786,0.5940773583959706,0.10336994925554144,,,,,,,,,,,,,,,,,,,,,,,,,,,,,,,,,,,,,,,,,,,,,,,,,,,
,,,,,,,,,,,,0.2989264009051745,0.5978118923066998,0.10326170678812568,,,,,,,,,,,,,,,,,,,,,,,,,,,,,,,,,,,,,,,,,,,,,,,,,,,
,,,,,,,,,,,,0.2952564333929547,0.6009362516209001,0.10380731498614516,,,,,,,,,,,,,,,,,,,,,,,,,,,,,,,,,,,,,,,,,,,,,,,,,,,
,,,,,,,,,,,,0.2916954175424774,0.6041696285277959,0.10413495392972667,,,,,,,,,,,,,,,,,,,,,,,,,,,,,,,,,,,,,,,,,,,,,,,,,,,
,,,,,,,,,,,,0.28797113539925323,0.6072396403430634,0.10478922425768332,,,,,,,,,,,,,,,,,,,,,,,,,,,,,,,,,,,,,,,,,,,,,,,,,,,
,,,,,,,,,,,,0.284355643717905,0.6104185084536117,0.10522584782848335,,,,,,,,,,,,,,,,,,,,,,,,,,,,,,,,,,,,,,,,,,,,,,,,,,,
,,,,,,,,,,,,0.28079462786742776,0.6136518853605074,0.10555348677206479,,,,,,,,,,,,,,,,,,,,,,,,,,,,,,,,,,,,,,,,,,,,,,,,,,,
,,,,,,,,,,,,0.2773425636786934,0.6169942798600991,0.10566315646120747,,,,,,,,,,,,,,,,,,,,,,,,,,,,,,,,,,,,,,,,,,,,,,,,,,,
,,,,,,,,,,,,0.2745365519455746,0.6194728048824908,0.10599064317193466,,,,,,,,,,,,,,,,,,,,,,,,,,,,,,,,,,,,,,,,,,,,,,,,,,,
,,,,,,,,,,,,0.26830399567518914,0.6249416114338846,0.10675439289092624,,,,,,,,,,,,,,,,,,,,,,,,,,,,,,,,,,,,,,,,,,,,,,,,,,,
,,,,,,,,,,,,0.2646885039938408,0.6281204795444325,0.10719101646172664,,,,,,,,,,,,,,,,,,,,,,,,,,,,,,,,,,,,,,,,,,,,,,,,,,,
,,,,,,,,,,,,0.26118196397423504,0.6314083652476762,0.10740967077808881,,,,,,,,,,,,,,,,,,,,,,,,,,,,,,,,,,,,,,,,,,,,,,,,,,,
,,,,,,,,,,,,0.25756647229288654,0.6345872333582243,0.1078462943488891,,,,,,,,,,,,,,,,,,,,,,,,,,,,,,,,,,,,,,,,,,,,,,,,,,,
,,,,,,,,,,,,0.24707237188553685,0.6440987774973667,0.10882885061709653,,,,,,,,,,,,,,,,,,,,,,,,,,,,,,,,,,,,,,,,,,,,,,,,,,,
,,,,,,,,,,,,0.24343152175258803,0.6476299198759196,0.10893855837149244,,,,,,,,,,,,,,,,,,,,,,,,,,,,,,,,,,,,,,,,,,,,,,,,,,,
,,,,,,,,,,,,0.23981603007123944,0.6508087879864671,0.10937518194229341,,,,,,,,,,,,,,,,,,,,,,,,,,,,,,,,,,,,,,,,,,,,,,,,,,,
,,,,,,,,,,,,0.23609158672814812,0.6538786385043194,0.11002977476753253,,,,,,,,,,,,,,,,,,,,,,,,,,,,,,,,,,,,,,,,,,,,,,,,,,,
,,,,,,,,,,,,0.23242178041579534,0.6570031591159353,0.11057506046826933,,,,,,,,,,,,,,,,,,,,,,,,,,,,,,,,,,,,,,,,,,,,,,,,,,,
,,,,,,,,,,,,0.2288607645653183,0.6602365360228309,0.1109026994118508,,,,,,,,,,,,,,,,,,,,,,,,,,,,,,,,,,,,,,,,,,,,,,,,,,,
,,,,,,,,,,,,0.2253542245457127,0.6635244217260746,0.11112135372821266,,,,,,,,,,,,,,,,,,,,,,,,,,,,,,,,,,,,,,,,,,,,,,,,,,,
,,,,,,,,,,,,0.22173873286436407,0.6667032898366225,0.11155797729901341,,,,,,,,,,,,,,,,,,,,,,,,,,,,,,,,,,,,,,,,,,,,,,,,,,,
,,,,,,,,,,,,0.2180687653521441,0.6698276491508226,0.11210358549703327,,,,,,,,,,,,,,,,,,,,,,,,,,,,,,,,,,,,,,,,,,,,,,,,,,,
,,,,,,,,,,,,0.21439895903979123,0.6729521697624383,0.11264887119777044,,,,,,,,,,,,,,,,,,,,,,,,,,,,,,,,,,,,,,,,,,,,,,,,,,,
,,,,,,,,,,,,0.21083794318931426,0.6761855466693342,0.11297651014135157,,,,,,,,,,,,,,,,,,,,,,,,,,,,,,,,,,,,,,,,,,,,,,,,,,,
,,,,,,,,,,,,0.20727692733883724,0.6794189235762305,0.11330414908493235,,,,,,,,,,,,,,,,,,,,,,,,,,,,,,,,,,,,,,,,,,,,,,,,,,,
,,,,,,,,,,,,0.20366143565748857,0.6825977916867783,0.11374077265573321,,,,,,,,,,,,,,,,,,,,,,,,,,,,,,,,,,,,,,,,,,,,,,,,,,,
,,,,,,,,,,,,0.2006666379801555,0.6852650645881305,0.114068297431714,,,,,,,,,,,,,,,,,,,,,,,,,,,,,,,,,,,,,,,,,,,,,,,,,,,
,,,,,,,,,,,,0.19686266121395926,0.6886327022437155,0.11450463654232518,,,,,,,,,,,,,,,,,,,,,,,,,,,,,,,,,,,,,,,,,,,,,,,,,,,
,,,,,,,,,,,,0.19281512181331006,0.6921345573158375,0.1150503208708524,,,,,,,,,,,,,,,,,,,,,,,,,,,,,,,,,,,,,,,,,,,,,,,,,,,
,,,,,,,,,,,,0.1892541059628331,0.6953679342227336,0.11537795981443333,,,,,,,,,,,,,,,,,,,,,,,,,,,,,,,,,,,,,,,,,,,,,,,,,,,
,,,,,,,,,,,,0.1856930901123561,0.6986013111296294,0.11570559875801449,,,,,,,,,,,,,,,,,,,,,,,,,,,,,,,,,,,,,,,,,,,,,,,,,,,
,,,,,,,,,,,,0.18207767903094105,0.7017802598888849,0.11614206108017404,,,,,,,,,,,,,,,,,,,,,,,,,,,,,,,,,,,,,,,,,,,,,,,,,,,
,,,,,,,,,,,,0.1784077921186546,0.7049046998517928,0.11668750802955255,,,,,,,,,,,,,,,,,,,,,,,,,,,,,,,,,,,,,,,,,,,,,,,,,,,
,,,,,,,,,,,,0.17479230043730618,0.708083567962341,0.11712413160035291,,,,,,,,,,,,,,,,,,,,,,,,,,,,,,,,,,,,,,,,,,,,,,,,,,,
,,,,,,,,,,,,0.17128576041770072,0.7113714536655846,0.11734278591671464,,,,,,,,,,,,,,,,,,,,,,,,,,,,,,,,,,,,,,,,,,,,,,,,,,,
,,,,,,,,,,,,0.16767026873635194,0.7145503217761328,0.11777940948751531,,,,,,,,,,,,,,,,,,,,,,,,,,,,,,,,,,,,,,,,,,,,,,,,,,,
,,,,,,,,,,,,0.16416380931667968,0.7178382881280843,0.11799790255523611,,,,,,,,,,,,,,,,,,,,,,,,,,,,,,,,,,,,,,,,,,,,,,,,,,,
,,,,,,,,,,,,0.16043944657352208,0.720908219294644,0.1186523341318339,,,,,,,,,,,,,,,,,,,,,,,,,,,,,,,,,,,,,,,,,,,,,,,,,,,
,,,,,,,,,,,,0.15682395489217354,0.7240870874051919,0.11908895770263452,,,,,,,,,,,,,,,,,,,,,,,,,,,,,,,,,,,,,,,,,,,,,,,,,,,
,,,,,,,,,,,,0.153317414872568,0.727374973108436,0.119307612018996,,,,,,,,,,,,,,,,,,,,,,,,,,,,,,,,,,,,,,,,,,,,,,,,,,,
,,,,,,,,,,,,0.1497019231912194,0.730553841218984,0.11974423558979654,,,,,,,,,,,,,,,,,,,,,,,,,,,,,,,,,,,,,,,,,,,,,,,,,,,
,,,,,,,,,,,,0.1458686893862523,0.7335148354415556,0.12061647517219212,,,,,,,,,,,,,,,,,,,,,,,,,,,,,,,,,,,,,,,,,,,,,,,,,,,
,,,,,,,,,,,,0.1423621493666466,0.7368027211447995,0.12083512948855393,,,,,,,,,,,,,,,,,,,,,,,,,,,,,,,,,,,,,,,,,,,,,,,,,,,
,,,,,,,,,,,,0.13874665768529812,0.7399815892553477,0.12127175305935416,,,,,,,,,,,,,,,,,,,,,,,,,,,,,,,,,,,,,,,,,,,,,,,,,,,
,,,,,,,,,,,,0.13507669017307847,0.7431059485695477,0.12181736125737382,,,,,,,,,,,,,,,,,,,,,,,,,,,,,,,,,,,,,,,,,,,,,,,,,,,
,,,,,,,,,,,,0.12959913802005116,0.747819903236437,0.12258095874351188,,,,,,,,,,,,,,,,,,,,,,,,,,,,,,,,,,,,,,,,,,,,,,,,,,,
,,,,,,,,,,,,0.12603812216957394,0.751053280143333,0.12290859768709309,,,,,,,,,,,,,,,,,,,,,,,,,,,,,,,,,,,,,,,,,,,,,,,,,,,
,,,,,,,,,,,,0.12236815465735437,0.7541776394575334,0.1234542058851123,,,,,,,,,,,,,,,,,,,,,,,,,,,,,,,,,,,,,,,,,,,,,,,,,,,
,,,,,,,,,,,,0.11875266297600574,0.7573565075680811,0.12389082945591309,,,,,,,,,,,,,,,,,,,,,,,,,,,,,,,,,,,,,,,,,,,,,,,,,,,
,,,,,,,,,,,,0.11163079247491854,0.7638234226792885,0.12454578484579301,,,,,,,,,,,,,,,,,,,,,,,,,,,,,,,,,,,,,,,,,,,,,,,,,,,
,,,,,,,,,,,,0.10806977662444142,0.7670567995861841,0.12487342378937442,,,,,,,,,,,,,,,,,,,,,,,,,,,,,,,,,,,,,,,,,,,,,,,,,,,
,,,,,,,,,,,,0.10445428494309297,0.7702356676967326,0.12531004736017443,,,,,,,,,,,,,,,,,,,,,,,,,,,,,,,,,,,,,,,,,,,,,,,,,,,
,,,,,,,,,,,,0.10168819035121002,0.7725653099832953,0.12574649966549467,,,,,,,,,,,,,,,,,,,,,,,,,,,,,,,,,,,,,,,,,,,,,,,,,,,
,,,,,,,,,,,,0.09662798756834838,0.7767530257877743,0.1266189866438773,,,,,,,,,,,,,,,,,,,,,,,,,,,,,,,,,,,,,,,,,,,,,,,,,,,
,,,,,,,,,,,,0.09339006777542888,0.7795543981404001,0.12705553408417108,,,,,,,,,,,,,,,,,,,,,,,,,,,,,,,,,,,,,,,,,,,,,,,,,,,
,,,,,,,,,,,,0.08982905192495176,0.7827877750472959,0.1273831730277523,,,,,,,,,,,,,,,,,,,,,,,,,,,,,,,,,,,,,,,,,,,,,,,,,,,
,,,,,,,,,,,,0.08637698773621758,0.786130169546888,0.12749284271689448,,,,,,,,,,,,,,,,,,,,,,,,,,,,,,,,,,,,,,,,,,,,,,,,,,,
,,,,,,,,,,,,0.08079048392144768,0.7907351066210813,0.1284744094574711,,,,,,,,,,,,,,,,,,,,,,,,,,,,,,,,,,,,,,,,,,,,,,,,,,,
,,,,,,,,,,,,0.07751264698729231,0.793685361709536,0.12880199130317174,,,,,,,,,,,,,,,,,,,,,,,,,,,,,,,,,,,,,,,,,,,,,,,,,,,
,,,,,,,,,,,,0.07422025136350166,0.7964322252658139,0.1293475233706844,,,,,,,,,,,,,,,,,,,,,,,,,,,,,,,,,,,,,,,,,,,,,,,,,,,
,,,,,,,,,,,,0.07131984665827575,0.799005124227686,0.12967502911403825,,,,,,,,,,,,,,,,,,,,,,,,,,,,,,,,,,,,,,,,,,,,,,,,,,,
,,,,,,,,,,,,0.06613989245170639,0.8036394882396504,0.13022061930864323,,,,,,,,,,,,,,,,,,,,,,,,,,,,,,,,,,,,,,,,,,,,,,,,,,,
,,,,,,,,,,,,0.06265871088370087,0.8065750996748888,0.13076618944141033,,,,,,,,,,,,,,,,,,,,,,,,,,,,,,,,,,,,,,,,,,,,,,,,,,,
,,,,,,,,,,,,0.05927192228780309,0.8094163371706478,0.13131174054154915,,,,,,,,,,,,,,,,,,,,,,,,,,,,,,,,,,,,,,,,,,,,,,,,,,,
,,,,,,,,,,,,0.055264300028389696,0.8127693095069413,0.13196639046466901,,,,,,,,,,,,,,,,,,,,,,,,,,,,,,,,,,,,,,,,,,,,,,,,,,,
,,,,,,,,,,,,0.05193214846322984,0.8156652170964631,0.132402634440307,,,,,,,,,,,,,,,,,,,,,,,,,,,,,,,,,,,,,,,,,,,,,,,,,,,
,,,,,,,,,,,,0.04865431152907447,0.8186154721849177,0.13273021628600787,,,,,,,,,,,,,,,,,,,,,,,,,,,,,,,,,,,,,,,,,,,,,,,,,,,
,,,,,,,,,,,,0.04507873698896206,0.821645457559637,0.13327580545140089,,,,,,,,,,,,,,,,,,,,,,,,,,,,,,,,,,,,,,,,,,,,,,,,,,,
,,,,,,,,,,,,0.03894043403118391,0.8270200298028902,0.1340395361659258,,,,,,,,,,,,,,,,,,,,,,,,,,,,,,,,,,,,,,,,,,,,,,,,,,,
,,,,,,,,,,,,0.0354592524631787,0.8299556412381293,0.13458510629869205,,,,,,,,,,,,,,,,,,,,,,,,,,,,,,,,,,,,,,,,,,,,,,,,,,,
,,,,,,,,,,,,0.0315460231758731,0.8332142396349427,0.1352397371891842,,,,,,,,,,,,,,,,,,,,,,,,,,,,,,,,,,,,,,,,,,,,,,,,,,,
,,,,,,,,,,,,0.027930612094457963,0.8363931883941984,0.1356761995113437,,,,,,,,,,,,,,,,,,,,,,,,,,,,,,,,,,,,,,,,,,,,,,,,,,,
,,,,,,,,,,,,0.024151773520429062,0.8394086107644108,0.1364396157151602,,,,,,,,,,,,,,,,,,,,,,,,,,,,,,,,,,,,,,,,,,,,,,,,,,,
,,,,,,,,,,,,0.02121159133346684,0.8421302528307714,0.1366581558357618,,,,,,,,,,,,,,,,,,,,,,,,,,,,,,,,,,,,,,,,,,,,,,,,,,,
,,,,,,,,,,,,0.0179336147398116,0.8450806475505651,0.13698573770962327,,,,,,,,,,,,,,,,,,,,,,,,,,,,,,,,,,,,,,,,,,,,,,,,,,,
,,,,,,,,,,,,0.012724822472970784,0.8493079492354974,0.13796722829153188,,,,,,,,,,,,,,,,,,,,,,,,,,,,,,,,,,,,,,,,,,,,,,,,,,,
,,,,,,,,,,,,0.01047069048279363,0.851016919737537,0.13851238977966931,,,,,,,,,,,,,,,,,,,,,,,,,,,,,,,,,,,,,,,,,,,,,,,,,,,
,,,,,,,,,,,,0.6906896679889792,0.20309829390824785,0.10621203810277292,,,,,,,,,,,,,,,,,,,,,,,,,,,,,,,,,,,,,,,,,,,,,,,,,,,
,,,,,,,,,,,,0.38697208606494476,0.5185019956906383,0.09452591824441699,,,,,,,,,,,,,,,,,,,,,,,,,,,,,,,,,,,,,,,,,,,,,,,,,,,
,,,,,,,,,,,,0.27115281502159955,0.6224415812533572,0.10640560372504326,,,,,,,,,,,,,,,,,,,,,,,,,,,,,,,,,,,,,,,,,,,,,,,,,,,
,,,,,,,,,,,,0.25498446822670023,0.6369284738800387,0.10808705789326101,,,,,,,,,,,,,,,,,,,,,,,,,,,,,,,,,,,,,,,,,,,,,,,,,,,
,,,,,,,,,,,,0.2513670096561863,0.6403708452111566,0.10826214513265708,,,,,,,,,,,,,,,,,,,,,,,,,,,,,,,,,,,,,,,,,,,,,,,,,,,
,,,,,,,,,,,,0.11532809572676264,0.7605593560372639,0.12411254823597345,,,,,,,,,,,,,,,,,,,,,,,,,,,,,,,,,,,,,,,,,,,,,,,,,,,
,,,,,,,,,,,,0.09906892406082506,0.7747665447986886,0.12616453114048634,,,,,,,,,,,,,,,,,,,,,,,,,,,,,,,,,,,,,,,,,,,,,,,,,,,
,,,,,,,,,,,,0.08346327155172975,0.7884947039921878,0.12804202445608243,,,,,,,,,,,,,,,,,,,,,,,,,,,,,,,,,,,,,,,,,,,,,,,,,,,
,,,,,,,,,,,,0.06883564247618078,0.8010488844262779,0.13011547309754137,,,,,,,,,,,,,,,,,,,,,,,,,,,,,,,,,,,,,,,,,,,,,,,,,,,
,,,,,,,,,,,,0.041406631704772184,0.8249634132434923,0.13362995505173553,,,,,,,,,,,,,,,,,,,,,,,,,,,,,,,,,,,,,,,,,,,,,,,,,,,
,,,,,,,,,,,,0.015375293349481928,0.8470664516210149,0.1375582550295032,,,,,,,,,,,,,,,,,,,,,,,,,,,,,,,,,,,,,,,,,,,,,,,,,,,
,,,,,,,,,,,,0.13252828539765638,0.7453677495424014,0.12210396505994223,,,,,,,,,,,,,,,,,,,,,,,,,,,,,,,,,,,,,,,,,,,,,,,,,,,
,,,,,,,,,,,,0.007835967936204724,0.8532311889210247,0.13893284314277066,,,,,,,,,,,,,,,,,,,,,,,,,,,,,,,,,,,,,,,,,,,,,,,,,,,
